# Country names in 'en' from Unicode CLDR 48.2.2. Columns: code, English name, local name.
AC	Ascension Island	Ascension Island
AD	Andorra	Andorra
AE	United Arab Emirates	United Arab Emirates
AF	Afghanistan	Afghanistan
AG	Antigua & Barbuda	Antigua & Barbuda
AI	Anguilla	Anguilla
AL	Albania	Albania
AM	Armenia	Armenia
AO	Angola	Angola
AQ	Antarctica	Antarctica
AR	Argentina	Argentina
AS	American Samoa	American Samoa
AT	Austria	Austria
AU	Australia	Australia
AW	Aruba	Aruba
AX	Åland Islands	Åland Islands
AZ	Azerbaijan	Azerbaijan
BA	Bosnia & Herzegovina	Bosnia & Herzegovina
BA	Bosnia & Herzegovina	Bosnia
BB	Barbados	Barbados
BD	Bangladesh	Bangladesh
BE	Belgium	Belgium
BF	Burkina Faso	Burkina Faso
BG	Bulgaria	Bulgaria
BH	Bahrain	Bahrain
BI	Burundi	Burundi
BJ	Benin	Benin
BL	St. Barthélemy	St. Barthélemy
BM	Bermuda	Bermuda
BN	Brunei	Brunei
BO	Bolivia	Bolivia
BQ	Caribbean Netherlands	Caribbean Netherlands
BR	Brazil	Brazil
BS	Bahamas	Bahamas
BT	Bhutan	Bhutan
BV	Bouvet Island	Bouvet Island
BW	Botswana	Botswana
BY	Belarus	Belarus
BZ	Belize	Belize
CA	Canada	Canada
CC	Cocos (Keeling) Islands	Cocos (Keeling) Islands
CC	Cocos (Keeling) Islands	Cocos Islands
CD	Congo - Kinshasa	Congo - Kinshasa
CD	Congo - Kinshasa	Congo (DRC)
CF	Central African Republic	Central African Republic
CG	Congo - Brazzaville	Congo - Brazzaville
CG	Congo - Brazzaville	Congo (Republic)
CH	Switzerland	Switzerland
CI	Côte d’Ivoire	Côte d’Ivoire
CI	Côte d’Ivoire	Ivory Coast
CK	Cook Islands	Cook Islands
CL	Chile	Chile
CM	Cameroon	Cameroon
CN	China	China
CO	Colombia	Colombia
CP	Clipperton Island	Clipperton Island
CQ	Sark	Sark
CR	Costa Rica	Costa Rica
CU	Cuba	Cuba
CV	Cape Verde	Cape Verde
CV	Cape Verde	Cabo Verde
CW	Curaçao	Curaçao
CX	Christmas Island	Christmas Island
CY	Cyprus	Cyprus
CZ	Czechia	Czechia
CZ	Czechia	Czech Republic
DE	Germany	Germany
DG	Diego Garcia	Diego Garcia
DJ	Djibouti	Djibouti
DK	Denmark	Denmark
DM	Dominica	Dominica
DO	Dominican Republic	Dominican Republic
DZ	Algeria	Algeria
EA	Ceuta & Melilla	Ceuta & Melilla
EC	Ecuador	Ecuador
EE	Estonia	Estonia
EG	Egypt	Egypt
EH	Western Sahara	Western Sahara
ER	Eritrea	Eritrea
ES	Spain	Spain
ET	Ethiopia	Ethiopia
FI	Finland	Finland
FJ	Fiji	Fiji
FK	Falkland Islands	Falkland Islands
FK	Falkland Islands	Falkland Islands (Islas Malvinas)
FM	Micronesia	Micronesia
FO	Faroe Islands	Faroe Islands
FR	France	France
GA	Gabon	Gabon
GB	United Kingdom	United Kingdom
GB	United Kingdom	UK
GD	Grenada	Grenada
GE	Georgia	Georgia
GF	French Guiana	French Guiana
GG	Guernsey	Guernsey
GH	Ghana	Ghana
GI	Gibraltar	Gibraltar
GL	Greenland	Greenland
GM	Gambia	Gambia
GN	Guinea	Guinea
GP	Guadeloupe	Guadeloupe
GQ	Equatorial Guinea	Equatorial Guinea
GR	Greece	Greece
GS	South Georgia & South Sandwich Islands	South Georgia & South Sandwich Islands
GT	Guatemala	Guatemala
GU	Guam	Guam
GW	Guinea-Bissau	Guinea-Bissau
GY	Guyana	Guyana
HK	Hong Kong SAR China	Hong Kong SAR China
HK	Hong Kong SAR China	Hong Kong
HM	Heard & McDonald Islands	Heard & McDonald Islands
HN	Honduras	Honduras
HR	Croatia	Croatia
HT	Haiti	Haiti
HU	Hungary	Hungary
IC	Canary Islands	Canary Islands
ID	Indonesia	Indonesia
IE	Ireland	Ireland
IL	Israel	Israel
IM	Isle of Man	Isle of Man
IN	India	India
IO	British Indian Ocean Territory	British Indian Ocean Territory
IO	British Indian Ocean Territory	Chagos Archipelago
IQ	Iraq	Iraq
IR	Iran	Iran
IS	Iceland	Iceland
IT	Italy	Italy
JE	Jersey	Jersey
JM	Jamaica	Jamaica
JO	Jordan	Jordan
JP	Japan	Japan
KE	Kenya	Kenya
KG	Kyrgyzstan	Kyrgyzstan
KH	Cambodia	Cambodia
KI	Kiribati	Kiribati
KM	Comoros	Comoros
KN	St. Kitts & Nevis	St. Kitts & Nevis
KP	North Korea	North Korea
KR	South Korea	South Korea
KW	Kuwait	Kuwait
KY	Cayman Islands	Cayman Islands
KZ	Kazakhstan	Kazakhstan
LA	Laos	Laos
LB	Lebanon	Lebanon
LC	St. Lucia	St. Lucia
LI	Liechtenstein	Liechtenstein
LK	Sri Lanka	Sri Lanka
LR	Liberia	Liberia
LS	Lesotho	Lesotho
LT	Lithuania	Lithuania
LU	Luxembourg	Luxembourg
LV	Latvia	Latvia
LY	Libya	Libya
MA	Morocco	Morocco
MC	Monaco	Monaco
MD	Moldova	Moldova
ME	Montenegro	Montenegro
MF	St. Martin	St. Martin
MG	Madagascar	Madagascar
MH	Marshall Islands	Marshall Islands
MK	North Macedonia	North Macedonia
ML	Mali	Mali
MM	Myanmar (Burma)	Myanmar (Burma)
MM	Myanmar (Burma)	Myanmar
MN	Mongolia	Mongolia
MO	Macao SAR China	Macao SAR China
MO	Macao SAR China	Macao
MP	Northern Mariana Islands	Northern Mariana Islands
MQ	Martinique	Martinique
MR	Mauritania	Mauritania
MS	Montserrat	Montserrat
MT	Malta	Malta
MU	Mauritius	Mauritius
MV	Maldives	Maldives
MW	Malawi	Malawi
MX	Mexico	Mexico
MY	Malaysia	Malaysia
MZ	Mozambique	Mozambique
NA	Namibia	Namibia
NC	New Caledonia	New Caledonia
NE	Niger	Niger
NF	Norfolk Island	Norfolk Island
NG	Nigeria	Nigeria
NI	Nicaragua	Nicaragua
NL	Netherlands	Netherlands
NO	Norway	Norway
NP	Nepal	Nepal
NR	Nauru	Nauru
NU	Niue	Niue
NZ	New Zealand	New Zealand
NZ	New Zealand	Aotearoa New Zealand
OM	Oman	Oman
PA	Panama	Panama
PE	Peru	Peru
PF	French Polynesia	French Polynesia
PG	Papua New Guinea	Papua New Guinea
PH	Philippines	Philippines
PK	Pakistan	Pakistan
PL	Poland	Poland
PM	St. Pierre & Miquelon	St. Pierre & Miquelon
PN	Pitcairn Islands	Pitcairn Islands
PN	Pitcairn Islands	Pitcairn
PR	Puerto Rico	Puerto Rico
PS	Palestinian Territories	Palestinian Territories
PS	Palestinian Territories	Palestine
PT	Portugal	Portugal
PW	Palau	Palau
PY	Paraguay	Paraguay
QA	Qatar	Qatar
RE	Réunion	Réunion
RO	Romania	Romania
RS	Serbia	Serbia
RU	Russia	Russia
RW	Rwanda	Rwanda
SA	Saudi Arabia	Saudi Arabia
SB	Solomon Islands	Solomon Islands
SC	Seychelles	Seychelles
SD	Sudan	Sudan
SE	Sweden	Sweden
SG	Singapore	Singapore
SH	St. Helena	St. Helena
SI	Slovenia	Slovenia
SJ	Svalbard & Jan Mayen	Svalbard & Jan Mayen
SK	Slovakia	Slovakia
SL	Sierra Leone	Sierra Leone
SM	San Marino	San Marino
SN	Senegal	Senegal
SO	Somalia	Somalia
SR	Suriname	Suriname
SS	South Sudan	South Sudan
ST	São Tomé & Príncipe	São Tomé & Príncipe
SV	El Salvador	El Salvador
SX	Sint Maarten	Sint Maarten
SY	Syria	Syria
SZ	Eswatini	Eswatini
SZ	Eswatini	Swaziland
TA	Tristan da Cunha	Tristan da Cunha
TC	Turks & Caicos Islands	Turks & Caicos Islands
TD	Chad	Chad
TF	French Southern Territories	French Southern Territories
TG	Togo	Togo
TH	Thailand	Thailand
TJ	Tajikistan	Tajikistan
TK	Tokelau	Tokelau
TL	Timor-Leste	Timor-Leste
TL	Timor-Leste	East Timor
TM	Turkmenistan	Turkmenistan
TN	Tunisia	Tunisia
TO	Tonga	Tonga
TR	Türkiye	Türkiye
TR	Türkiye	Turkey
TT	Trinidad & Tobago	Trinidad & Tobago
TV	Tuvalu	Tuvalu
TW	Taiwan	Taiwan
TZ	Tanzania	Tanzania
UA	Ukraine	Ukraine
UG	Uganda	Uganda
UM	U.S. Outlying Islands	U.S. Outlying Islands
US	United States	United States
US	United States	US
UY	Uruguay	Uruguay
UZ	Uzbekistan	Uzbekistan
VA	Vatican City	Vatican City
VC	St. Vincent & Grenadines	St. Vincent & Grenadines
VE	Venezuela	Venezuela
VG	British Virgin Islands	British Virgin Islands
VI	U.S. Virgin Islands	U.S. Virgin Islands
VN	Vietnam	Vietnam
VU	Vanuatu	Vanuatu
WF	Wallis & Futuna	Wallis & Futuna
WS	Samoa	Samoa
XK	Kosovo	Kosovo
YE	Yemen	Yemen
YT	Mayotte	Mayotte
ZA	South Africa	South Africa
ZM	Zambia	Zambia
ZW	Zimbabwe	Zimbabwe
