# Country names in 'he' from Unicode CLDR 48.2.2. Columns: code, English name, local name.
AC	Ascension Island	האי אסנשן
AD	Andorra	אנדורה
AE	United Arab Emirates	איחוד האמירויות הערביות
AF	Afghanistan	אפגניסטן
AG	Antigua & Barbuda	אנטיגואה וברבודה
AI	Anguilla	אנגווילה
AL	Albania	אלבניה
AM	Armenia	ארמניה
AO	Angola	אנגולה
AQ	Antarctica	אנטארקטיקה
AR	Argentina	ארגנטינה
AS	American Samoa	סמואה האמריקנית
AT	Austria	אוסטריה
AU	Australia	אוסטרליה
AW	Aruba	ארובה
AX	Åland Islands	איי אולנד
AZ	Azerbaijan	אזרבייג׳ן
BA	Bosnia & Herzegovina	בוסניה והרצגובינה
BB	Barbados	ברבדוס
BD	Bangladesh	בנגלדש
BE	Belgium	בלגיה
BF	Burkina Faso	בורקינה פאסו
BG	Bulgaria	בולגריה
BH	Bahrain	בחריין
BI	Burundi	בורונדי
BJ	Benin	בנין
BL	St. Barthélemy	סנט ברתולומיאו
BM	Bermuda	ברמודה
BN	Brunei	ברוניי
BO	Bolivia	בוליביה
BQ	Caribbean Netherlands	האיים הקריביים ההולנדיים
BR	Brazil	ברזיל
BS	Bahamas	איי בהאמה
BT	Bhutan	בהוטן
BV	Bouvet Island	האי בובה
BW	Botswana	בוטסואנה
BY	Belarus	בלארוס
BZ	Belize	בליז
CA	Canada	קנדה
CC	Cocos (Keeling) Islands	איי קוקוס (קילינג)
CD	Congo - Kinshasa	קונגו - קינשאסה
CD	Congo - Kinshasa	קונגו (הרפובליקה הדמוקרטית של קונגו)
CF	Central African Republic	הרפובליקה המרכז-אפריקאית
CG	Congo - Brazzaville	קונגו - ברזאויל
CG	Congo - Brazzaville	קונגו (רפובליקה)
CH	Switzerland	שווייץ
CI	Côte d’Ivoire	חוף השנהב
CI	Côte d’Ivoire	קוט דיוואר
CK	Cook Islands	איי קוק
CL	Chile	צ׳ילה
CM	Cameroon	קמרון
CN	China	סין
CO	Colombia	קולומביה
CP	Clipperton Island	האי קליפרטון
CQ	Sark	סרק
CR	Costa Rica	קוסטה ריקה
CU	Cuba	קובה
CV	Cape Verde	כף ורדה
CW	Curaçao	קוראסאו
CX	Christmas Island	אי חג המולד
CY	Cyprus	קפריסין
CZ	Czechia	צ׳כיה
CZ	Czechia	הרפובליקה הצ׳כית
DE	Germany	גרמניה
DG	Diego Garcia	דייגו גרסיה
DJ	Djibouti	ג׳יבוטי
DK	Denmark	דנמרק
DM	Dominica	דומיניקה
DO	Dominican Republic	הרפובליקה הדומיניקנית
DZ	Algeria	אלג׳יריה
EA	Ceuta & Melilla	סאוטה ומלייה
EC	Ecuador	אקוודור
EE	Estonia	אסטוניה
EG	Egypt	מצרים
EH	Western Sahara	סהרה המערבית
ER	Eritrea	אריתריאה
ES	Spain	ספרד
ET	Ethiopia	אתיופיה
FI	Finland	פינלנד
FJ	Fiji	פיג׳י
FK	Falkland Islands	איי פוקלנד
FK	Falkland Islands	איי פוקלנד (איי מלווינס)
FM	Micronesia	מיקרונזיה
FO	Faroe Islands	איי פארו
FR	France	צרפת
GA	Gabon	גבון
GB	United Kingdom	בריטניה
GD	Grenada	גרנדה
GE	Georgia	גאורגיה
GF	French Guiana	גיאנה הצרפתית
GG	Guernsey	גרנזי
GH	Ghana	גאנה
GI	Gibraltar	גיברלטר
GL	Greenland	גרינלנד
GM	Gambia	גמביה
GN	Guinea	גינאה
GP	Guadeloupe	גוואדלופ
GQ	Equatorial Guinea	גינאה המשוונית
GR	Greece	יוון
GS	South Georgia & South Sandwich Islands	ג׳ורג׳יה הדרומית ואיי סנדוויץ׳ הדרומיים
GT	Guatemala	גואטמלה
GU	Guam	גואם
GW	Guinea-Bissau	גינאה-ביסאו
GY	Guyana	גיאנה
HK	Hong Kong SAR China	הונג קונג (אזור מנהלי מיוחד של סין)
HK	Hong Kong SAR China	הונג קונג
HM	Heard & McDonald Islands	איי הרד ומקדונלד
HN	Honduras	הונדורס
HR	Croatia	קרואטיה
HT	Haiti	האיטי
HU	Hungary	הונגריה
IC	Canary Islands	האיים הקנריים
ID	Indonesia	אינדונזיה
IE	Ireland	אירלנד
IL	Israel	ישראל
IM	Isle of Man	האי מאן
IN	India	הודו
IO	British Indian Ocean Territory	הטריטוריה הבריטית באוקיינוס ההודי
IO	British Indian Ocean Territory	ארכיפלג צ׳גוס
IQ	Iraq	עיראק
IR	Iran	איראן
IS	Iceland	איסלנד
IT	Italy	איטליה
JE	Jersey	ג׳רזי
JM	Jamaica	ג׳מייקה
JO	Jordan	ירדן
JP	Japan	יפן
KE	Kenya	קניה
KG	Kyrgyzstan	קירגיזסטן
KH	Cambodia	קמבודיה
KI	Kiribati	קיריבאטי
KM	Comoros	קומורו
KN	St. Kitts & Nevis	סנט קיטס ונוויס
KP	North Korea	קוריאה הצפונית
KR	South Korea	קוריאה הדרומית
KW	Kuwait	כווית
KY	Cayman Islands	איי קיימן
KZ	Kazakhstan	קזחסטן
LA	Laos	לאוס
LB	Lebanon	לבנון
LC	St. Lucia	סנט לוסיה
LI	Liechtenstein	ליכטנשטיין
LK	Sri Lanka	סרי לנקה
LR	Liberia	ליבריה
LS	Lesotho	לסוטו
LT	Lithuania	ליטא
LU	Luxembourg	לוקסמבורג
LV	Latvia	לטביה
LY	Libya	לוב
MA	Morocco	מרוקו
MC	Monaco	מונקו
MD	Moldova	מולדובה
ME	Montenegro	מונטנגרו
MF	St. Martin	סן מרטן
MG	Madagascar	מדגסקר
MH	Marshall Islands	איי מרשל
MK	North Macedonia	מקדוניה הצפונית
ML	Mali	מאלי
MM	Myanmar (Burma)	מיאנמר (בורמה)
MN	Mongolia	מונגוליה
MO	Macao SAR China	מקאו (אזור מנהלי מיוחד של סין)
MO	Macao SAR China	מקאו
MP	Northern Mariana Islands	איי מריאנה הצפוניים
MQ	Martinique	מרטיניק
MR	Mauritania	מאוריטניה
MS	Montserrat	מונסראט
MT	Malta	מלטה
MU	Mauritius	מאוריציוס
MV	Maldives	האיים המלדיביים
MW	Malawi	מלאווי
MX	Mexico	מקסיקו
MY	Malaysia	מלזיה
MZ	Mozambique	מוזמביק
NA	Namibia	נמיביה
NC	New Caledonia	קלדוניה החדשה
NE	Niger	ניז׳ר
NF	Norfolk Island	האי נורפוק
NG	Nigeria	ניגריה
NI	Nicaragua	ניקרגואה
NL	Netherlands	הולנד
NO	Norway	נורווגיה
NP	Nepal	נפאל
NR	Nauru	נאורו
NU	Niue	ניווה
NZ	New Zealand	ניו זילנד
NZ	New Zealand	אאוטארואה
OM	Oman	עומאן
PA	Panama	פנמה
PE	Peru	פרו
PF	French Polynesia	פולינזיה הצרפתית
PG	Papua New Guinea	פפואה גינאה החדשה
PH	Philippines	הפיליפינים
PK	Pakistan	פקיסטן
PL	Poland	פולין
PM	St. Pierre & Miquelon	סנט פייר ומיקלון
PN	Pitcairn Islands	איי פיטקרן
PR	Puerto Rico	פוארטו ריקו
PS	Palestinian Territories	השטחים הפלסטיניים
PS	Palestinian Territories	פלסטין
PT	Portugal	פורטוגל
PW	Palau	פלאו
PY	Paraguay	פרגוואי
QA	Qatar	קטאר
RE	Réunion	ראוניון
RO	Romania	רומניה
RS	Serbia	סרביה
RU	Russia	רוסיה
RW	Rwanda	רואנדה
SA	Saudi Arabia	ערב הסעודית
SB	Solomon Islands	איי שלמה
SC	Seychelles	איי סיישל
SD	Sudan	סודן
SE	Sweden	שוודיה
SG	Singapore	סינגפור
SH	St. Helena	סנט הלנה
SI	Slovenia	סלובניה
SJ	Svalbard & Jan Mayen	סבאלברד ויאן מאיין
SK	Slovakia	סלובקיה
SL	Sierra Leone	סיירה לאון
SM	San Marino	סן מרינו
SN	Senegal	סנגל
SO	Somalia	סומליה
SR	Suriname	סורינאם
SS	South Sudan	דרום סודן
ST	São Tomé & Príncipe	סאו טומה ופרינסיפה
SV	El Salvador	אל סלבדור
SX	Sint Maarten	סנט מארטן
SY	Syria	סוריה
SZ	Eswatini	אסוואטיני
SZ	Eswatini	סווזילנד
TA	Tristan da Cunha	טריסטן דה קונה
TC	Turks & Caicos Islands	איי טרקס וקייקוס
TD	Chad	צ׳אד
TF	French Southern Territories	הטריטוריות הדרומיות של צרפת
TG	Togo	טוגו
TH	Thailand	תאילנד
TJ	Tajikistan	טג׳יקיסטן
TK	Tokelau	טוקלאו
TL	Timor-Leste	טימור-לסטה
TL	Timor-Leste	מזרח טימור
TM	Turkmenistan	טורקמניסטן
TN	Tunisia	תוניסיה
TO	Tonga	טונגה
TR	Türkiye	טורקיה
TT	Trinidad & Tobago	טרינידד וטובגו
TV	Tuvalu	טובאלו
TW	Taiwan	טייוואן
TZ	Tanzania	טנזניה
UA	Ukraine	אוקראינה
UG	Uganda	אוגנדה
UM	U.S. Outlying Islands	האיים המרוחקים הקטנים של ארה״ב
US	United States	ארצות הברית
US	United States	ארה״ב
UY	Uruguay	אורוגוואי
UZ	Uzbekistan	אוזבקיסטן
VA	Vatican City	הוותיקן
VC	St. Vincent & Grenadines	סנט וינסנט והגרנדינים
VE	Venezuela	ונצואלה
VG	British Virgin Islands	איי הבתולה הבריטיים
VI	U.S. Virgin Islands	איי הבתולה של ארצות הברית
VN	Vietnam	וייטנאם
VU	Vanuatu	ונואטו
WF	Wallis & Futuna	איי ווליס ופוטונה
WS	Samoa	סמואה
XK	Kosovo	קוסובו
YE	Yemen	תימן
YT	Mayotte	מאיוט
ZA	South Africa	דרום אפריקה
ZM	Zambia	זמביה
ZW	Zimbabwe	זימבבואה
