# Country names in 'hi' from Unicode CLDR 48.2.2. Columns: code, English name, local name.
AC	Ascension Island	असेंशन द्वीप
AD	Andorra	एंडोरा
AE	United Arab Emirates	संयुक्त अरब अमीरात
AF	Afghanistan	अफ़गानिस्तान
AG	Antigua & Barbuda	एंटिगुआ और बरबुडा
AI	Anguilla	एंग्विला
AL	Albania	अल्बानिया
AM	Armenia	आर्मेनिया
AO	Angola	अंगोला
AQ	Antarctica	अंटार्कटिका
AR	Argentina	अर्जेंटीना
AS	American Samoa	अमेरिकी समोआ
AT	Austria	ऑस्ट्रिया
AU	Australia	ऑस्ट्रेलिया
AW	Aruba	अरूबा
AX	Åland Islands	एलैंड द्वीपसमूह
AZ	Azerbaijan	अज़रबैजान
BA	Bosnia & Herzegovina	बोस्निया और हर्ज़ेगोविना
BB	Barbados	बारबाडोस
BD	Bangladesh	बांग्लादेश
BE	Belgium	बेल्जियम
BF	Burkina Faso	बुर्किना फ़ासो
BG	Bulgaria	बुल्गारिया
BH	Bahrain	बहरीन
BI	Burundi	बुरुंडी
BJ	Benin	बेनिन
BL	St. Barthélemy	सेंट बार्थेलेमी
BM	Bermuda	बरमूडा
BN	Brunei	ब्रूनेई
BO	Bolivia	बोलीविया
BQ	Caribbean Netherlands	कैरिबियन नीदरलैंड
BR	Brazil	ब्राज़ील
BS	Bahamas	बहामास
BT	Bhutan	भूटान
BV	Bouvet Island	बोवेत द्वीप
BW	Botswana	बोत्स्वाना
BY	Belarus	बेलारूस
BZ	Belize	बेलीज़
CA	Canada	कनाडा
CC	Cocos (Keeling) Islands	कोकोस (कीलिंग) द्वीपसमूह
CD	Congo - Kinshasa	कांगो - किंशासा
CD	Congo - Kinshasa	कांगो (डीआरसी)
CF	Central African Republic	मध्य अफ़्रीकी गणराज्य
CG	Congo - Brazzaville	कांगो – ब्राज़ाविल
CG	Congo - Brazzaville	कांगो (गणराज्य)
CH	Switzerland	स्विट्ज़रलैंड
CI	Côte d’Ivoire	कोत दिवुआर
CI	Côte d’Ivoire	आइवरी कोस्ट
CK	Cook Islands	कुक द्वीपसमूह
CL	Chile	चिली
CM	Cameroon	कैमरून
CN	China	चीन
CO	Colombia	कोलंबिया
CP	Clipperton Island	क्लिपर्टन द्वीप
CQ	Sark	सार्क
CR	Costa Rica	कोस्टारिका
CU	Cuba	क्यूबा
CV	Cape Verde	केप वर्ड
CW	Curaçao	कुरासाओ
CX	Christmas Island	क्रिसमस द्वीप
CY	Cyprus	साइप्रस
CZ	Czechia	चेकिया
CZ	Czechia	चेक गणराज्य
DE	Germany	जर्मनी
DG	Diego Garcia	डिएगो गार्सिया
DJ	Djibouti	जिबूती
DK	Denmark	डेनमार्क
DM	Dominica	डोमिनिका
DO	Dominican Republic	डोमिनिकन गणराज्य
DZ	Algeria	अल्जीरिया
EA	Ceuta & Melilla	सेउटा और मेलिला
EC	Ecuador	इक्वाडोर
EE	Estonia	एस्टोनिया
EG	Egypt	मिस्र
EH	Western Sahara	पश्चिमी सहारा
ER	Eritrea	इरिट्रिया
ES	Spain	स्पेन
ET	Ethiopia	इथियोपिया
FI	Finland	फ़िनलैंड
FJ	Fiji	फ़िजी
FK	Falkland Islands	फ़ॉकलैंड द्वीपसमूह
FK	Falkland Islands	फ़ॉकलैंड द्वीपसमूह (इज़्लास माल्विनास)
FM	Micronesia	माइक्रोनेशिया
FO	Faroe Islands	फ़ेरो द्वीपसमूह
FR	France	फ़्रांस
GA	Gabon	गैबॉन
GB	United Kingdom	यूनाइटेड किंगडम
GB	United Kingdom	यू॰के॰
GD	Grenada	ग्रेनाडा
GE	Georgia	जॉर्जिया
GF	French Guiana	फ़्रेंच गुयाना
GG	Guernsey	गर्नसी
GH	Ghana	घाना
GI	Gibraltar	जिब्राल्टर
GL	Greenland	ग्रीनलैंड
GM	Gambia	गाम्बिया
GN	Guinea	गिनी
GP	Guadeloupe	ग्वाडेलूप
GQ	Equatorial Guinea	इक्वेटोरियल गिनी
GR	Greece	यूनान
GS	South Georgia & South Sandwich Islands	दक्षिण जॉर्जिया और दक्षिण सैंडविच द्वीपसमूह
GT	Guatemala	ग्वाटेमाला
GU	Guam	गुआम
GW	Guinea-Bissau	गिनी-बिसाउ
GY	Guyana	गुयाना
HK	Hong Kong SAR China	हाँग काँग (चीन विशेष प्रशासनिक क्षेत्र)
HK	Hong Kong SAR China	हाँग काँग
HM	Heard & McDonald Islands	हर्ड द्वीप और मैकडोनॉल्ड द्वीपसमूह
HN	Honduras	होंडूरास
HR	Croatia	क्रोएशिया
HT	Haiti	हैती
HU	Hungary	हंगरी
IC	Canary Islands	कैनेरी द्वीपसमूह
ID	Indonesia	इंडोनेशिया
IE	Ireland	आयरलैंड
IL	Israel	इज़राइल
IM	Isle of Man	आइल ऑफ़ मैन
IN	India	भारत
IO	British Indian Ocean Territory	ब्रिटिश हिंद महासागरीय क्षेत्र
IO	British Indian Ocean Territory	चागोस द्वीपसमूह
IQ	Iraq	इराक
IR	Iran	ईरान
IS	Iceland	आइसलैंड
IT	Italy	इटली
JE	Jersey	जर्सी
JM	Jamaica	जमैका
JO	Jordan	जॉर्डन
JP	Japan	जापान
KE	Kenya	केन्या
KG	Kyrgyzstan	किर्गिज़स्तान
KH	Cambodia	कंबोडिया
KI	Kiribati	किरिबाती
KM	Comoros	कोमोरोस
KN	St. Kitts & Nevis	सेंट किट्स और नेविस
KP	North Korea	उत्तर कोरिया
KR	South Korea	दक्षिण कोरिया
KW	Kuwait	कुवैत
KY	Cayman Islands	कैमेन द्वीपसमूह
KZ	Kazakhstan	कज़ाखस्तान
LA	Laos	लाओस
LB	Lebanon	लेबनान
LC	St. Lucia	सेंट लूसिया
LI	Liechtenstein	लिचेंस्टीन
LK	Sri Lanka	श्रीलंका
LR	Liberia	लाइबेरिया
LS	Lesotho	लेसोथो
LT	Lithuania	लिथुआनिया
LU	Luxembourg	लग्ज़मबर्ग
LV	Latvia	लातविया
LY	Libya	लीबिया
MA	Morocco	मोरक्को
MC	Monaco	मोनाको
MD	Moldova	मॉल्डोवा
ME	Montenegro	मोंटेनेग्रो
MF	St. Martin	सेंट मार्टिन
MG	Madagascar	मेडागास्कर
MH	Marshall Islands	मार्शल द्वीपसमूह
MK	North Macedonia	उत्तरी मकदूनिया
ML	Mali	माली
MM	Myanmar (Burma)	म्यांमार (बर्मा)
MN	Mongolia	मंगोलिया
MO	Macao SAR China	मकाऊ (विशेष प्रशासनिक क्षेत्र चीन)
MO	Macao SAR China	मकाऊ
MP	Northern Mariana Islands	उत्तरी मारियाना द्वीपसमूह
MQ	Martinique	मार्टीनिक
MR	Mauritania	मॉरिटानिया
MS	Montserrat	मोंटसेरात
MT	Malta	माल्टा
MU	Mauritius	मॉरीशस
MV	Maldives	मालदीव
MW	Malawi	मलावी
MX	Mexico	मैक्सिको
MY	Malaysia	मलेशिया
MZ	Mozambique	मोज़ांबिक
NA	Namibia	नामीबिया
NC	New Caledonia	न्यू कैलेडोनिया
NE	Niger	नाइजर
NF	Norfolk Island	नॉरफ़ॉक द्वीप
NG	Nigeria	नाइजीरिया
NI	Nicaragua	निकारागुआ
NL	Netherlands	नीदरलैंड
NO	Norway	नॉर्वे
NP	Nepal	नेपाल
NR	Nauru	नाउरु
NU	Niue	नीयू
NZ	New Zealand	न्यूज़ीलैंड
NZ	New Zealand	औटेआरोआ न्यूज़ीलैंड
OM	Oman	ओमान
PA	Panama	पनामा
PE	Peru	पेरू
PF	French Polynesia	फ़्रेंच पोलिनेशिया
PG	Papua New Guinea	पापुआ न्यू गिनी
PH	Philippines	फ़िलिपींस
PK	Pakistan	पाकिस्तान
PL	Poland	पोलैंड
PM	St. Pierre & Miquelon	सेंट पिएरे और मिक्वेलान
PN	Pitcairn Islands	पिटकैर्न द्वीपसमूह
PR	Puerto Rico	पोर्टो रिको
PS	Palestinian Territories	फ़िलिस्तीनी क्षेत्र
PS	Palestinian Territories	फ़िलिस्तीन
PT	Portugal	पुर्तगाल
PW	Palau	पलाऊ
PY	Paraguay	पराग्वे
QA	Qatar	क़तर
RE	Réunion	रियूनियन
RO	Romania	रोमानिया
RS	Serbia	सर्बिया
RU	Russia	रूस
RW	Rwanda	रवांडा
SA	Saudi Arabia	सऊदी अरब
SB	Solomon Islands	सोलोमन द्वीपसमूह
SC	Seychelles	सेशेल्स
SD	Sudan	सूडान
SE	Sweden	स्वीडन
SG	Singapore	सिंगापुर
SH	St. Helena	सेंट हेलेना
SI	Slovenia	स्लोवेनिया
SJ	Svalbard & Jan Mayen	स्वालबार्ड और जान मायेन
SK	Slovakia	स्लोवाकिया
SL	Sierra Leone	सिएरा लियोन
SM	San Marino	सैन मेरीनो
SN	Senegal	सेनेगल
SO	Somalia	सोमालिया
SR	Suriname	सूरीनाम
SS	South Sudan	दक्षिण सूडान
ST	São Tomé & Príncipe	साओ टोम और प्रिंसिपे
SV	El Salvador	अल सल्वाडोर
SX	Sint Maarten	सिंट मार्टिन
SY	Syria	सीरिया
SZ	Eswatini	एस्वाटिनी
SZ	Eswatini	स्वाज़ीलैंड
TA	Tristan da Cunha	ट्रिस्टन दा कुना
TC	Turks & Caicos Islands	तुर्क और कैकोज़ द्वीपसमूह
TD	Chad	चाड
TF	French Southern Territories	फ़्रांसीसी दक्षिणी क्षेत्र
TG	Togo	टोगो
TH	Thailand	थाईलैंड
TJ	Tajikistan	ताजिकिस्तान
TK	Tokelau	तोकेलाउ
TL	Timor-Leste	तिमोर-लेस्त
TL	Timor-Leste	पूर्वी तिमोर
TM	Turkmenistan	तुर्कमेनिस्तान
TN	Tunisia	ट्यूनीशिया
TO	Tonga	टोंगा
TR	Türkiye	तुर्किये
TT	Trinidad & Tobago	त्रिनिदाद और टोबैगो
TV	Tuvalu	तुवालू
TW	Taiwan	ताइवान
TZ	Tanzania	तंज़ानिया
UA	Ukraine	यूक्रेन
UG	Uganda	युगांडा
UM	U.S. Outlying Islands	यू॰एस॰ आउटलाइंग द्वीपसमूह
US	United States	संयुक्त राज्य
US	United States	अमेरिका
UY	Uruguay	उरूग्वे
UZ	Uzbekistan	उज़्बेकिस्तान
VA	Vatican City	वेटिकन सिटी
VC	St. Vincent & Grenadines	सेंट विंसेंट और ग्रेनाडाइंस
VE	Venezuela	वेनेज़ुएला
VG	British Virgin Islands	ब्रिटिश वर्जिन द्वीपसमूह
VI	U.S. Virgin Islands	यू॰एस॰ वर्जिन द्वीपसमूह
VN	Vietnam	वियतनाम
VU	Vanuatu	वनुआतू
WF	Wallis & Futuna	वालिस और फ़्यूचूना
WS	Samoa	समोआ
XK	Kosovo	कोसोवो
YE	Yemen	यमन
YT	Mayotte	मायोते
ZA	South Africa	दक्षिण अफ़्रीका
ZM	Zambia	ज़ाम्बिया
ZW	Zimbabwe	ज़िम्बाब्वे
