# Country names in 'id' from Unicode CLDR 48.2.2. Columns: code, English name, local name.
AC	Ascension Island	Pulau Ascension
AD	Andorra	Andorra
AE	United Arab Emirates	Uni Emirat Arab
AF	Afghanistan	Afganistan
AG	Antigua & Barbuda	Antigua dan Barbuda
AI	Anguilla	Anguilla
AL	Albania	Albania
AM	Armenia	Armenia
AO	Angola	Angola
AQ	Antarctica	Antarktika
AR	Argentina	Argentina
AS	American Samoa	Samoa Amerika
AT	Austria	Austria
AU	Australia	Australia
AW	Aruba	Aruba
AX	Åland Islands	Kepulauan Aland
AZ	Azerbaijan	Azerbaijan
BA	Bosnia & Herzegovina	Bosnia dan Herzegovina
BB	Barbados	Barbados
BD	Bangladesh	Bangladesh
BE	Belgium	Belgia
BF	Burkina Faso	Burkina Faso
BG	Bulgaria	Bulgaria
BH	Bahrain	Bahrain
BI	Burundi	Burundi
BJ	Benin	Benin
BL	St. Barthélemy	Saint Barthélemy
BM	Bermuda	Bermuda
BN	Brunei	Brunei
BO	Bolivia	Bolivia
BQ	Caribbean Netherlands	Belanda Karibia
BR	Brazil	Brasil
BS	Bahamas	Bahama
BT	Bhutan	Bhutan
BV	Bouvet Island	Pulau Bouvet
BW	Botswana	Botswana
BY	Belarus	Belarus
BZ	Belize	Belize
CA	Canada	Kanada
CC	Cocos (Keeling) Islands	Kepulauan Cocos (Keeling)
CD	Congo - Kinshasa	Kongo - Kinshasa
CD	Congo - Kinshasa	Kongo (RDK)
CF	Central African Republic	Republik Afrika Tengah
CG	Congo - Brazzaville	Kongo - Brazzaville
CG	Congo - Brazzaville	Kongo (Republik)
CH	Switzerland	Swiss
CI	Côte d’Ivoire	Côte d’Ivoire
CI	Côte d’Ivoire	Pantai Gading
CK	Cook Islands	Kepulauan Cook
CL	Chile	Cile
CM	Cameroon	Kamerun
CN	China	Tiongkok
CO	Colombia	Kolombia
CP	Clipperton Island	Pulau Clipperton
CQ	Sark	Sark
CR	Costa Rica	Kosta Rika
CU	Cuba	Kuba
CV	Cape Verde	Tanjung Verde
CW	Curaçao	Curaçao
CX	Christmas Island	Pulau Natal
CY	Cyprus	Siprus
CZ	Czechia	Ceko
CZ	Czechia	Republik Ceko
DE	Germany	Jerman
DG	Diego Garcia	Diego Garcia
DJ	Djibouti	Jibuti
DK	Denmark	Denmark
DM	Dominica	Dominika
DO	Dominican Republic	Republik Dominika
DZ	Algeria	Aljazair
EA	Ceuta & Melilla	Ceuta dan Melilla
EC	Ecuador	Ekuador
EE	Estonia	Estonia
EG	Egypt	Mesir
EH	Western Sahara	Sahara Barat
ER	Eritrea	Eritrea
ES	Spain	Spanyol
ET	Ethiopia	Etiopia
FI	Finland	Finlandia
FJ	Fiji	Fiji
FK	Falkland Islands	Kepulauan Falkland
FK	Falkland Islands	Kepulauan Falkland (Malvinas)
FM	Micronesia	Mikronesia
FO	Faroe Islands	Kepulauan Faroe
FR	France	Prancis
GA	Gabon	Gabon
GB	United Kingdom	Inggris Raya
GB	United Kingdom	UK
GD	Grenada	Grenada
GE	Georgia	Georgia
GF	French Guiana	Guyana Prancis
GG	Guernsey	Guernsey
GH	Ghana	Ghana
GI	Gibraltar	Gibraltar
GL	Greenland	Greenland
GM	Gambia	Gambia
GN	Guinea	Guinea
GP	Guadeloupe	Guadeloupe
GQ	Equatorial Guinea	Guinea Ekuatorial
GR	Greece	Yunani
GS	South Georgia & South Sandwich Islands	Georgia Selatan & Kep. Sandwich Selatan
GT	Guatemala	Guatemala
GU	Guam	Guam
GW	Guinea-Bissau	Guinea-Bissau
GY	Guyana	Guyana
HK	Hong Kong SAR China	Hong Kong DAK Tiongkok
HK	Hong Kong SAR China	Hong Kong
HM	Heard & McDonald Islands	Pulau Heard dan Kepulauan McDonald
HN	Honduras	Honduras
HR	Croatia	Kroasia
HT	Haiti	Haiti
HU	Hungary	Hungaria
IC	Canary Islands	Kepulauan Canaria
ID	Indonesia	Indonesia
IE	Ireland	Irlandia
IL	Israel	Israel
IM	Isle of Man	Pulau Man
IN	India	India
IO	British Indian Ocean Territory	Wilayah Inggris di Samudra Hindia
IO	British Indian Ocean Territory	Kepulauan Chagos
IQ	Iraq	Irak
IR	Iran	Iran
IS	Iceland	Islandia
IT	Italy	Italia
JE	Jersey	Jersey
JM	Jamaica	Jamaika
JO	Jordan	Yordania
JP	Japan	Jepang
KE	Kenya	Kenya
KG	Kyrgyzstan	Kirgizstan
KH	Cambodia	Kamboja
KI	Kiribati	Kiribati
KM	Comoros	Komoro
KN	St. Kitts & Nevis	Saint Kitts dan Nevis
KP	North Korea	Korea Utara
KR	South Korea	Korea Selatan
KW	Kuwait	Kuwait
KY	Cayman Islands	Kepulauan Cayman
KZ	Kazakhstan	Kazakhstan
LA	Laos	Laos
LB	Lebanon	Lebanon
LC	St. Lucia	Saint Lucia
LI	Liechtenstein	Liechtenstein
LK	Sri Lanka	Sri Lanka
LR	Liberia	Liberia
LS	Lesotho	Lesotho
LT	Lithuania	Lituania
LU	Luxembourg	Luksemburg
LV	Latvia	Latvia
LY	Libya	Libya
MA	Morocco	Maroko
MC	Monaco	Monako
MD	Moldova	Moldova
ME	Montenegro	Montenegro
MF	St. Martin	Saint Martin
MG	Madagascar	Madagaskar
MH	Marshall Islands	Kepulauan Marshall
MK	North Macedonia	Makedonia Utara
ML	Mali	Mali
MM	Myanmar (Burma)	Myanmar (Burma)
MN	Mongolia	Mongolia
MO	Macao SAR China	Makau DAK Tiongkok
MO	Macao SAR China	Makau
MP	Northern Mariana Islands	Kepulauan Mariana Utara
MQ	Martinique	Martinik
MR	Mauritania	Mauritania
MS	Montserrat	Montserrat
MT	Malta	Malta
MU	Mauritius	Mauritius
MV	Maldives	Maladewa
MW	Malawi	Malawi
MX	Mexico	Meksiko
MY	Malaysia	Malaysia
MZ	Mozambique	Mozambik
NA	Namibia	Namibia
NC	New Caledonia	Kaledonia Baru
NE	Niger	Niger
NF	Norfolk Island	Kepulauan Norfolk
NG	Nigeria	Nigeria
NI	Nicaragua	Nikaragua
NL	Netherlands	Belanda
NO	Norway	Norwegia
NP	Nepal	Nepal
NR	Nauru	Nauru
NU	Niue	Niue
NZ	New Zealand	Selandia Baru
NZ	New Zealand	Aotearoa (Selandia Baru)
OM	Oman	Oman
PA	Panama	Panama
PE	Peru	Peru
PF	French Polynesia	Polinesia Prancis
PG	Papua New Guinea	Papua Nugini
PH	Philippines	Filipina
PK	Pakistan	Pakistan
PL	Poland	Polandia
PM	St. Pierre & Miquelon	Saint Pierre dan Miquelon
PN	Pitcairn Islands	Kepulauan Pitcairn
PR	Puerto Rico	Puerto Riko
PS	Palestinian Territories	Wilayah Palestina
PS	Palestinian Territories	Palestina
PT	Portugal	Portugal
PW	Palau	Palau
PY	Paraguay	Paraguay
QA	Qatar	Qatar
RE	Réunion	Réunion
RO	Romania	Rumania
RS	Serbia	Serbia
RU	Russia	Rusia
RW	Rwanda	Rwanda
SA	Saudi Arabia	Arab Saudi
SB	Solomon Islands	Kepulauan Solomon
SC	Seychelles	Seychelles
SD	Sudan	Sudan
SE	Sweden	Swedia
SG	Singapore	Singapura
SH	St. Helena	Saint Helena
SI	Slovenia	Slovenia
SJ	Svalbard & Jan Mayen	Kepulauan Svalbard dan Jan Mayen
SK	Slovakia	Slovakia
SL	Sierra Leone	Sierra Leone
SM	San Marino	San Marino
SN	Senegal	Senegal
SO	Somalia	Somalia
SR	Suriname	Suriname
SS	South Sudan	Sudan Selatan
ST	São Tomé & Príncipe	Sao Tome dan Principe
SV	El Salvador	El Salvador
SX	Sint Maarten	Sint Maarten
SY	Syria	Suriah
SZ	Eswatini	eSwatini
SZ	Eswatini	Eswatini
TA	Tristan da Cunha	Tristan da Cunha
TC	Turks & Caicos Islands	Kepulauan Turks dan Caicos
TD	Chad	Chad
TF	French Southern Territories	Wilayah Selatan Prancis
TG	Togo	Togo
TH	Thailand	Thailand
TJ	Tajikistan	Tajikistan
TK	Tokelau	Tokelau
TL	Timor-Leste	Timor Leste
TL	Timor-Leste	Timor Timur
TM	Turkmenistan	Turkmenistan
TN	Tunisia	Tunisia
TO	Tonga	Tonga
TR	Türkiye	Turki
TR	Türkiye	Turkiye
TT	Trinidad & Tobago	Trinidad dan Tobago
TV	Tuvalu	Tuvalu
TW	Taiwan	Taiwan
TZ	Tanzania	Tanzania
UA	Ukraine	Ukraina
UG	Uganda	Uganda
UM	U.S. Outlying Islands	Kepulauan Terluar AS
US	United States	Amerika Serikat
US	United States	AS
UY	Uruguay	Uruguay
UZ	Uzbekistan	Uzbekistan
VA	Vatican City	Vatikan
VC	St. Vincent & Grenadines	Saint Vincent dan Grenadine
VE	Venezuela	Venezuela
VG	British Virgin Islands	Kepulauan Virgin Britania Raya
VI	U.S. Virgin Islands	Kepulauan Virgin Amerika Serikat
VN	Vietnam	Vietnam
VU	Vanuatu	Vanuatu
WF	Wallis & Futuna	Kepulauan Wallis dan Futuna
WS	Samoa	Samoa
XK	Kosovo	Kosovo
YE	Yemen	Yaman
YT	Mayotte	Mayotte
ZA	South Africa	Afrika Selatan
ZM	Zambia	Zambia
ZW	Zimbabwe	Zimbabwe
