# Country names in 'pt' from Unicode CLDR 48.2.2. Columns: code, English name, local name.
AC	Ascension Island	Ilha de Ascensão
AD	Andorra	Andorra
AE	United Arab Emirates	Emirados Árabes Unidos
AF	Afghanistan	Afeganistão
AG	Antigua & Barbuda	Antígua e Barbuda
AI	Anguilla	Anguila
AL	Albania	Albânia
AM	Armenia	Armênia
AO	Angola	Angola
AQ	Antarctica	Antártida
AR	Argentina	Argentina
AS	American Samoa	Samoa Americana
AT	Austria	Áustria
AU	Australia	Austrália
AW	Aruba	Aruba
AX	Åland Islands	Ilhas Aland
AZ	Azerbaijan	Azerbaijão
BA	Bosnia & Herzegovina	Bósnia e Herzegovina
BB	Barbados	Barbados
BD	Bangladesh	Bangladesh
BE	Belgium	Bélgica
BF	Burkina Faso	Burquina Faso
BG	Bulgaria	Bulgária
BH	Bahrain	Barein
BI	Burundi	Burundi
BJ	Benin	Benin
BL	St. Barthélemy	São Bartolomeu
BM	Bermuda	Bermudas
BN	Brunei	Brunei
BO	Bolivia	Bolívia
BQ	Caribbean Netherlands	Países Baixos Caribenhos
BR	Brazil	Brasil
BS	Bahamas	Bahamas
BT	Bhutan	Butão
BV	Bouvet Island	Ilha Bouvet
BW	Botswana	Botsuana
BY	Belarus	Bielorrússia
BZ	Belize	Belize
CA	Canada	Canadá
CC	Cocos (Keeling) Islands	Ilhas Cocos (Keeling)
CD	Congo - Kinshasa	Congo - Kinshasa
CD	Congo - Kinshasa	República Democrática do Congo
CF	Central African Republic	República Centro-Africana
CG	Congo - Brazzaville	República do Congo
CG	Congo - Brazzaville	Congo
CH	Switzerland	Suíça
CI	Côte d’Ivoire	Costa do Marfim
CI	Côte d’Ivoire	Côte d’Ivoire
CK	Cook Islands	Ilhas Cook
CL	Chile	Chile
CM	Cameroon	Camarões
CN	China	China
CO	Colombia	Colômbia
CP	Clipperton Island	Ilha de Clipperton
CQ	Sark	Sark
CR	Costa Rica	Costa Rica
CU	Cuba	Cuba
CV	Cape Verde	Cabo Verde
CW	Curaçao	Curaçao
CX	Christmas Island	Ilha Christmas
CY	Cyprus	Chipre
CZ	Czechia	Tchéquia
CZ	Czechia	República Tcheca
DE	Germany	Alemanha
DG	Diego Garcia	Diego Garcia
DJ	Djibouti	Djibuti
DK	Denmark	Dinamarca
DM	Dominica	Dominica
DO	Dominican Republic	República Dominicana
DZ	Algeria	Argélia
EA	Ceuta & Melilla	Ceuta e Melilla
EC	Ecuador	Equador
EE	Estonia	Estônia
EG	Egypt	Egito
EH	Western Sahara	Saara Ocidental
ER	Eritrea	Eritreia
ES	Spain	Espanha
ET	Ethiopia	Etiópia
FI	Finland	Finlândia
FJ	Fiji	Fiji
FK	Falkland Islands	Ilhas Malvinas
FK	Falkland Islands	Ilhas Malvinas (Ilhas Falkland)
FM	Micronesia	Micronésia
FO	Faroe Islands	Ilhas Faroé
FR	France	França
GA	Gabon	Gabão
GB	United Kingdom	Reino Unido
GD	Grenada	Granada
GE	Georgia	Geórgia
GF	French Guiana	Guiana Francesa
GG	Guernsey	Guernsey
GH	Ghana	Gana
GI	Gibraltar	Gibraltar
GL	Greenland	Groenlândia
GM	Gambia	Gâmbia
GN	Guinea	Guiné
GP	Guadeloupe	Guadalupe
GQ	Equatorial Guinea	Guiné Equatorial
GR	Greece	Grécia
GS	South Georgia & South Sandwich Islands	Ilhas Geórgia do Sul e Sandwich do Sul
GT	Guatemala	Guatemala
GU	Guam	Guam
GW	Guinea-Bissau	Guiné-Bissau
GY	Guyana	Guiana
HK	Hong Kong SAR China	Hong Kong, RAE da China
HK	Hong Kong SAR China	Hong Kong
HM	Heard & McDonald Islands	Ilhas Heard e McDonald
HN	Honduras	Honduras
HR	Croatia	Croácia
HT	Haiti	Haiti
HU	Hungary	Hungria
IC	Canary Islands	Ilhas Canárias
ID	Indonesia	Indonésia
IE	Ireland	Irlanda
IL	Israel	Israel
IM	Isle of Man	Ilha de Man
IN	India	Índia
IO	British Indian Ocean Territory	Território Britânico do Oceano Índico
IO	British Indian Ocean Territory	Arquipélago de Chagos
IQ	Iraq	Iraque
IR	Iran	Irã
IS	Iceland	Islândia
IT	Italy	Itália
JE	Jersey	Jersey
JM	Jamaica	Jamaica
JO	Jordan	Jordânia
JP	Japan	Japão
KE	Kenya	Quênia
KG	Kyrgyzstan	Quirguistão
KH	Cambodia	Camboja
KI	Kiribati	Quiribati
KM	Comoros	Comores
KN	St. Kitts & Nevis	São Cristóvão e Névis
KP	North Korea	Coreia do Norte
KR	South Korea	Coreia do Sul
KW	Kuwait	Kuwait
KY	Cayman Islands	Ilhas Cayman
KZ	Kazakhstan	Cazaquistão
LA	Laos	Laos
LB	Lebanon	Líbano
LC	St. Lucia	Santa Lúcia
LI	Liechtenstein	Liechtenstein
LK	Sri Lanka	Sri Lanka
LR	Liberia	Libéria
LS	Lesotho	Lesoto
LT	Lithuania	Lituânia
LU	Luxembourg	Luxemburgo
LV	Latvia	Letônia
LY	Libya	Líbia
MA	Morocco	Marrocos
MC	Monaco	Mônaco
MD	Moldova	Moldávia
ME	Montenegro	Montenegro
MF	St. Martin	São Martinho
MG	Madagascar	Madagascar
MH	Marshall Islands	Ilhas Marshall
MK	North Macedonia	Macedônia do Norte
ML	Mali	Mali
MM	Myanmar (Burma)	Mianmar (Birmânia)
MN	Mongolia	Mongólia
MO	Macao SAR China	Macau, RAE da China
MO	Macao SAR China	Macau
MP	Northern Mariana Islands	Ilhas Marianas do Norte
MQ	Martinique	Martinica
MR	Mauritania	Mauritânia
MS	Montserrat	Montserrat
MT	Malta	Malta
MU	Mauritius	Maurício
MV	Maldives	Maldivas
MW	Malawi	Malaui
MX	Mexico	México
MY	Malaysia	Malásia
MZ	Mozambique	Moçambique
NA	Namibia	Namíbia
NC	New Caledonia	Nova Caledônia
NE	Niger	Níger
NF	Norfolk Island	Ilha Norfolk
NG	Nigeria	Nigéria
NI	Nicaragua	Nicarágua
NL	Netherlands	Países Baixos
NO	Norway	Noruega
NP	Nepal	Nepal
NR	Nauru	Nauru
NU	Niue	Niue
NZ	New Zealand	Nova Zelândia
NZ	New Zealand	Aotearoa da Nova Zelândia
OM	Oman	Omã
PA	Panama	Panamá
PE	Peru	Peru
PF	French Polynesia	Polinésia Francesa
PG	Papua New Guinea	Papua-Nova Guiné
PH	Philippines	Filipinas
PK	Pakistan	Paquistão
PL	Poland	Polônia
PM	St. Pierre & Miquelon	São Pedro e Miquelão
PN	Pitcairn Islands	Ilhas Pitcairn
PR	Puerto Rico	Porto Rico
PS	Palestinian Territories	Territórios palestinos
PS	Palestinian Territories	Palestina
PT	Portugal	Portugal
PW	Palau	Palau
PY	Paraguay	Paraguai
QA	Qatar	Catar
RE	Réunion	Reunião
RO	Romania	Romênia
RS	Serbia	Sérvia
RU	Russia	Rússia
RW	Rwanda	Ruanda
SA	Saudi Arabia	Arábia Saudita
SB	Solomon Islands	Ilhas Salomão
SC	Seychelles	Seicheles
SD	Sudan	Sudão
SE	Sweden	Suécia
SG	Singapore	Singapura
SH	St. Helena	Santa Helena
SI	Slovenia	Eslovênia
SJ	Svalbard & Jan Mayen	Svalbard e Jan Mayen
SK	Slovakia	Eslováquia
SL	Sierra Leone	Serra Leoa
SM	San Marino	San Marino
SN	Senegal	Senegal
SO	Somalia	Somália
SR	Suriname	Suriname
SS	South Sudan	Sudão do Sul
ST	São Tomé & Príncipe	São Tomé e Príncipe
SV	El Salvador	El Salvador
SX	Sint Maarten	Sint Maarten
SY	Syria	Síria
SZ	Eswatini	Essuatíni
SZ	Eswatini	Suazilândia
TA	Tristan da Cunha	Tristão da Cunha
TC	Turks & Caicos Islands	Ilhas Turcas e Caicos
TD	Chad	Chade
TF	French Southern Territories	Territórios Franceses do Sul
TG	Togo	Togo
TH	Thailand	Tailândia
TJ	Tajikistan	Tadjiquistão
TK	Tokelau	Tokelau
TL	Timor-Leste	Timor-Leste
TL	Timor-Leste	República Democrática de Timor-Leste
TM	Turkmenistan	Turcomenistão
TN	Tunisia	Tunísia
TO	Tonga	Tonga
TR	Türkiye	Turquia
TT	Trinidad & Tobago	Trinidad e Tobago
TV	Tuvalu	Tuvalu
TW	Taiwan	Taiwan
TZ	Tanzania	Tanzânia
UA	Ukraine	Ucrânia
UG	Uganda	Uganda
UM	U.S. Outlying Islands	Ilhas Menores Distantes dos EUA
US	United States	Estados Unidos
US	United States	EUA
UY	Uruguay	Uruguai
UZ	Uzbekistan	Uzbequistão
VA	Vatican City	Cidade do Vaticano
VC	St. Vincent & Grenadines	São Vicente e Granadinas
VE	Venezuela	Venezuela
VG	British Virgin Islands	Ilhas Virgens Britânicas
VI	U.S. Virgin Islands	Ilhas Virgens Americanas
VN	Vietnam	Vietnã
VU	Vanuatu	Vanuatu
WF	Wallis & Futuna	Wallis e Futuna
WS	Samoa	Samoa
XK	Kosovo	Kosovo
YE	Yemen	Iêmen
YT	Mayotte	Mayotte
ZA	South Africa	África do Sul
ZM	Zambia	Zâmbia
ZW	Zimbabwe	Zimbábue
