# Country names in 'uk' from Unicode CLDR 48.2.2. Columns: code, English name, local name.
AC	Ascension Island	Острів Вознесіння
AD	Andorra	Андорра
AE	United Arab Emirates	Обʼєднані Арабські Емірати
AF	Afghanistan	Афганістан
AG	Antigua & Barbuda	Антигуа і Барбуда
AI	Anguilla	Ангілья
AL	Albania	Албанія
AM	Armenia	Вірменія
AO	Angola	Ангола
AQ	Antarctica	Антарктика
AR	Argentina	Аргентина
AS	American Samoa	Американське Самоа
AT	Austria	Австрія
AU	Australia	Австралія
AW	Aruba	Аруба
AX	Åland Islands	Аландські Острови
AZ	Azerbaijan	Азербайджан
BA	Bosnia & Herzegovina	Боснія і Герцеговина
BB	Barbados	Барбадос
BD	Bangladesh	Бангладеш
BE	Belgium	Бельгія
BF	Burkina Faso	Буркіна-Фасо
BG	Bulgaria	Болгарія
BH	Bahrain	Бахрейн
BI	Burundi	Бурунді
BJ	Benin	Бенін
BL	St. Barthélemy	Сен-Бартелемі
BM	Bermuda	Бермудські Острови
BN	Brunei	Бруней
BO	Bolivia	Болівія
BQ	Caribbean Netherlands	Карибські Нідерланди
BR	Brazil	Бразилія
BS	Bahamas	Багамські Острови
BT	Bhutan	Бутан
BV	Bouvet Island	Острів Буве
BW	Botswana	Ботсвана
BY	Belarus	Білорусь
BZ	Belize	Беліз
CA	Canada	Канада
CC	Cocos (Keeling) Islands	Кокосові (Кілінг) Острови
CD	Congo - Kinshasa	Конго – Кіншаса
CD	Congo - Kinshasa	Конго (ДРК)
CF	Central African Republic	Центральноафриканська Республіка
CG	Congo - Brazzaville	Конго – Браззавіль
CG	Congo - Brazzaville	Конго (Республіка)
CH	Switzerland	Швейцарія
CI	Côte d’Ivoire	Кот-дʼІвуар
CI	Côte d’Ivoire	Берег Слонової Кістки
CK	Cook Islands	Острови Кука
CL	Chile	Чилі
CM	Cameroon	Камерун
CN	China	Китай
CO	Colombia	Колумбія
CP	Clipperton Island	Острів Кліппертон
CQ	Sark	Сарк
CR	Costa Rica	Коста-Рика
CU	Cuba	Куба
CV	Cape Verde	Кабо-Верде
CW	Curaçao	Кюрасао
CX	Christmas Island	Острів Різдва
CY	Cyprus	Кіпр
CZ	Czechia	Чехія
CZ	Czechia	Чеська Республіка
DE	Germany	Німеччина
DG	Diego Garcia	Дієго-Гарсія
DJ	Djibouti	Джибуті
DK	Denmark	Данія
DM	Dominica	Домініка
DO	Dominican Republic	Домініканська Республіка
DZ	Algeria	Алжир
EA	Ceuta & Melilla	Сеута і Мелілья
EC	Ecuador	Еквадор
EE	Estonia	Естонія
EG	Egypt	Єгипет
EH	Western Sahara	Західна Сахара
ER	Eritrea	Еритрея
ES	Spain	Іспанія
ET	Ethiopia	Ефіопія
FI	Finland	Фінляндія
FJ	Fiji	Фіджі
FK	Falkland Islands	Фолклендські Острови
FK	Falkland Islands	Фолклендські (Мальвінські) Острови
FM	Micronesia	Мікронезія
FM	Micronesia	Федеративні Штати Мікронезії
FO	Faroe Islands	Фарерські Острови
FR	France	Франція
GA	Gabon	Габон
GB	United Kingdom	Велика Британія
GD	Grenada	Гренада
GE	Georgia	Грузія
GF	French Guiana	Французька Гвіана
GG	Guernsey	Гернсі
GH	Ghana	Гана
GI	Gibraltar	Гібралтар
GL	Greenland	Гренландія
GM	Gambia	Гамбія
GN	Guinea	Гвінея
GP	Guadeloupe	Гваделупа
GQ	Equatorial Guinea	Екваторіальна Гвінея
GR	Greece	Греція
GS	South Georgia & South Sandwich Islands	Південна Джорджія та Південні Сандвічеві Острови
GT	Guatemala	Гватемала
GU	Guam	Гуам
GW	Guinea-Bissau	Гвінея-Бісау
GY	Guyana	Гаяна
HK	Hong Kong SAR China	Гонконг, ОАР Китаю
HK	Hong Kong SAR China	Гонконг
HM	Heard & McDonald Islands	Острови Герд і Макдоналд
HN	Honduras	Гондурас
HR	Croatia	Хорватія
HT	Haiti	Гаїті
HU	Hungary	Угорщина
IC	Canary Islands	Канарські Острови
ID	Indonesia	Індонезія
IE	Ireland	Ірландія
IL	Israel	Ізраїль
IM	Isle of Man	Острів Мен
IN	India	Індія
IO	British Indian Ocean Territory	Британська територія в Індійському океані
IO	British Indian Ocean Territory	архіпелаг Чагос
IQ	Iraq	Ірак
IR	Iran	Іран
IS	Iceland	Ісландія
IT	Italy	Італія
JE	Jersey	Джерсі
JM	Jamaica	Ямайка
JO	Jordan	Йорданія
JP	Japan	Японія
KE	Kenya	Кенія
KG	Kyrgyzstan	Киргизстан
KH	Cambodia	Камбоджа
KI	Kiribati	Кірибаті
KM	Comoros	Комори
KN	St. Kitts & Nevis	Сент-Кітс і Невіс
KP	North Korea	Північна Корея
KR	South Korea	Південна Корея
KW	Kuwait	Кувейт
KY	Cayman Islands	Кайманові Острови
KZ	Kazakhstan	Казахстан
LA	Laos	Лаос
LB	Lebanon	Ліван
LC	St. Lucia	Сент-Люсія
LI	Liechtenstein	Ліхтенштейн
LK	Sri Lanka	Шрі-Ланка
LR	Liberia	Ліберія
LS	Lesotho	Лесото
LT	Lithuania	Литва
LU	Luxembourg	Люксембург
LV	Latvia	Латвія
LY	Libya	Лівія
MA	Morocco	Марокко
MC	Monaco	Монако
MD	Moldova	Молдова
ME	Montenegro	Чорногорія
MF	St. Martin	Сен-Мартен
MG	Madagascar	Мадагаскар
MH	Marshall Islands	Маршаллові Острови
MK	North Macedonia	Північна Македонія
ML	Mali	Малі
MM	Myanmar (Burma)	Мʼянма (Бірма)
MN	Mongolia	Монголія
MO	Macao SAR China	Макао, ОАР Китаю
MO	Macao SAR China	Макао
MP	Northern Mariana Islands	Північні Маріанські Острови
MQ	Martinique	Мартиніка
MR	Mauritania	Мавританія
MS	Montserrat	Монтсеррат
MT	Malta	Мальта
MU	Mauritius	Маврикій
MV	Maldives	Мальдіви
MW	Malawi	Малаві
MX	Mexico	Мексика
MY	Malaysia	Малайзія
MZ	Mozambique	Мозамбік
NA	Namibia	Намібія
NC	New Caledonia	Нова Каледонія
NE	Niger	Нігер
NF	Norfolk Island	Острів Норфолк
NG	Nigeria	Нігерія
NI	Nicaragua	Нікарагуа
NL	Netherlands	Нідерланди
NO	Norway	Норвегія
NP	Nepal	Непал
NR	Nauru	Науру
NU	Niue	Ніуе
NZ	New Zealand	Нова Зеландія
NZ	New Zealand	Аотеароа (Нова Зеландія)
OM	Oman	Оман
PA	Panama	Панама
PE	Peru	Перу
PF	French Polynesia	Французька Полінезія
PG	Papua New Guinea	Папуа-Нова Гвінея
PH	Philippines	Філіппіни
PK	Pakistan	Пакистан
PL	Poland	Польща
PM	St. Pierre & Miquelon	Сен-Пʼєр і Мікелон
PN	Pitcairn Islands	Острови Піткерн
PR	Puerto Rico	Пуерто-Рико
PS	Palestinian Territories	Палестинські території
PS	Palestinian Territories	Палестина
PT	Portugal	Португалія
PW	Palau	Палау
PY	Paraguay	Парагвай
QA	Qatar	Катар
RE	Réunion	Реюньйон
RO	Romania	Румунія
RS	Serbia	Сербія
RU	Russia	Росія
RW	Rwanda	Руанда
SA	Saudi Arabia	Саудівська Аравія
SB	Solomon Islands	Соломонові Острови
SC	Seychelles	Сейшельські Острови
SD	Sudan	Судан
SE	Sweden	Швеція
SG	Singapore	Сінгапур
SH	St. Helena	Острів Святої Єлени
SI	Slovenia	Словенія
SJ	Svalbard & Jan Mayen	Шпіцберген та Ян-Маєн
SK	Slovakia	Словаччина
SL	Sierra Leone	Сьєрра-Леоне
SM	San Marino	Сан-Марино
SN	Senegal	Сенегал
SO	Somalia	Сомалі
SR	Suriname	Суринам
SS	South Sudan	Південний Судан
ST	São Tomé & Príncipe	Сан-Томе і Принсіпі
SV	El Salvador	Сальвадор
SX	Sint Maarten	Сінт-Мартен
SY	Syria	Сирія
SZ	Eswatini	Есватіні
SZ	Eswatini	Свазіленд
TA	Tristan da Cunha	Трістан-да-Кунья
TC	Turks & Caicos Islands	Острови Теркс і Кайкос
TD	Chad	Чад
TF	French Southern Territories	Французькі Південні Території
TG	Togo	Того
TH	Thailand	Таїланд
TJ	Tajikistan	Таджикистан
TK	Tokelau	Токелау
TL	Timor-Leste	Тимор-Лешті
TL	Timor-Leste	Східний Тимор
TM	Turkmenistan	Туркменістан
TN	Tunisia	Туніс
TO	Tonga	Тонга
TR	Türkiye	Туреччина
TT	Trinidad & Tobago	Тринідад і Тобаго
TV	Tuvalu	Тувалу
TW	Taiwan	Тайвань
TZ	Tanzania	Танзанія
UA	Ukraine	Україна
UG	Uganda	Уганда
UM	U.S. Outlying Islands	Віддалені острови США
US	United States	Сполучені Штати
US	United States	США
UY	Uruguay	Уругвай
UZ	Uzbekistan	Узбекистан
VA	Vatican City	Ватикан
VC	St. Vincent & Grenadines	Сент-Вінсент і Гренадіни
VE	Venezuela	Венесуела
VG	British Virgin Islands	Британські Віргінські острови
VI	U.S. Virgin Islands	Віргінські Острови (США)
VN	Vietnam	Вʼєтнам
VU	Vanuatu	Вануату
WF	Wallis & Futuna	Уолліс і Футуна
WS	Samoa	Самоа
XK	Kosovo	Косово
YE	Yemen	Ємен
YT	Mayotte	Майотта
ZA	South Africa	Південно-Африканська Республіка
ZM	Zambia	Замбія
ZW	Zimbabwe	Зімбабве
